dev_index,y_true,outer_fold,LR_pred,LR_proba,DT_pred,DT_proba,RF_pred,RF_proba,XGB_pred,XGB_proba,NB_pred,NB_proba,KNN_pred,KNN_proba,Untuned stack_pred,Untuned stack_proba,Tuned stack_pred,Tuned stack_proba
0,1,2,1,0.6740231950094454,1,1.0,1,0.65,1,0.9797163009643555,0,0.3547062287628114,1,0.6,1,0.6738714382793404,1,0.7004585515636657
1,0,0,0,0.03434183815802766,0,0.0,0,0.14,0,0.013017904944717884,0,0.002938005471872666,0,0.0,0,0.07777193994657303,0,0.07388015953294522
2,0,3,0,0.004972333476016527,0,0.0,0,0.05,0,0.000708963954821229,0,1.0935270836085475e-05,0,0.0,0,0.06297902077885786,0,0.05324680243636213
3,0,0,0,0.11046497179476295,1,1.0,1,0.52,1,0.9310829639434814,0,0.028005528258937006,0,0.2,1,0.5942653064436529,1,0.5279577168375674
4,1,1,1,0.9519773241383808,1,1.0,1,0.89,1,0.892386794090271,1,0.9983127454231151,1,1.0,1,0.9074862729687911,1,0.9069296982548434
5,1,0,1,0.8406403487893082,0,0.0,1,0.8,1,0.8042598366737366,1,0.9938400054407813,1,0.8,1,0.5773456349826063,1,0.6109850112282532
6,1,1,1,0.7362360937530302,1,1.0,1,0.74,1,0.7498605847358704,1,0.9439582327384254,1,1.0,1,0.8458897170841121,1,0.851474581858747
7,1,4,1,0.9156650989904099,0,0.0,1,0.57,1,0.8309257626533508,1,0.9856663450549991,1,1.0,1,0.8435505913385672,1,0.8258730029999399
8,0,1,0,0.10128845020859958,1,1.0,0,0.3,0,0.048794664442539215,0,0.005154151757068496,0,0.2,0,0.16325649291707248,0,0.20840122047155973
9,1,2,1,0.7863814702600513,0,0.0,1,0.54,1,0.7943463325500488,1,0.7394922260329158,1,0.8,1,0.7941431942831787,1,0.8009155949027983
10,0,4,1,0.6874135283005472,1,1.0,1,0.66,1,0.9167646169662476,1,0.9581244577448086,1,0.6,1,0.8045932593327138,1,0.7911324232313708
11,1,2,0,0.48469436840363594,1,1.0,1,0.62,0,0.2626780569553375,1,0.7967668587952079,1,0.6,0,0.4735287619333494,1,0.5083402730501254
12,0,1,0,0.006557061437649192,0,0.0,0,0.12,0,0.001064042910002172,0,1.403637508596757e-07,0,0.0,0,0.06167652053500974,0,0.047293822018294684
13,0,3,0,0.27258278921123086,0,0.0,0,0.43,0,0.08866032212972641,1,0.6375937914668544,0,0.4,0,0.28391766932229473,0,0.3800314411248252
14,0,4,1,0.8641887513732979,1,1.0,1,0.89,1,0.9990350008010864,1,0.8144002084233499,1,0.6,1,0.8354040563043059,1,0.8623514829909401
15,1,4,1,0.9442179235563987,1,1.0,1,0.66,1,0.9650591611862183,1,0.9958524421619583,1,1.0,1,0.9113452365000616,1,0.9004643929919701
16,0,0,0,0.005373488187921297,0,0.0,0,0.11,0,0.0006935849669389427,0,1.937912462539849e-05,0,0.0,0,0.07374201115713,0,0.06581475469039569
17,0,0,1,0.510182844213999,1,1.0,0,0.48,1,0.5033307671546936,1,0.6421727394833603,1,0.6,1,0.7329399826823491,1,0.7452808584028192
18,1,3,1,0.9330977703729652,1,1.0,1,0.87,1,0.9982810020446777,1,0.9957616942990473,1,1.0,1,0.9188432240891492,1,0.9097976921152165
19,1,0,1,0.988959211645047,1,1.0,1,0.82,1,0.9924269914627075,1,0.9994109887542744,1,0.8,1,0.9058929625110581,1,0.9211014790507052
20,0,2,0,0.003084460733626194,0,0.0,0,0.16,0,0.056125763803720474,0,1.1402071376857483e-11,0,0.0,0,0.07763704961440503,0,0.05959237280700194
21,1,3,1,0.6400279520294215,1,1.0,1,0.92,1,0.9821723103523254,1,0.8316268591753543,1,0.6,1,0.8062812990169197,1,0.8171406014064767
22,1,1,0,0.07779378549571245,1,1.0,0,0.22,0,0.011182263493537903,0,0.00994885232094621,0,0.2,0,0.1457049069796812,0,0.1617673354058834
23,1,2,1,0.7929941316163518,1,1.0,1,0.93,1,0.9957919120788574,1,0.897293497768892,1,0.6,1,0.8490460428238622,1,0.8566127395397958
24,1,0,1,0.5055930993325947,0,0.0,1,0.61,1,0.6968027353286743,1,0.9208825709813091,1,0.6,0,0.40071561852292314,0,0.4009057515643483
25,0,0,0,0.008878313207427069,0,0.0,0,0.0,0,0.00023643385793548077,0,4.4473419414852206e-05,0,0.0,0,0.06686947987974076,0,0.05645489615305642
26,1,3,1,0.9581351841928467,1,1.0,1,0.99,1,0.9982471466064453,1,0.9949690630568292,1,1.0,1,0.9293884443344308,1,0.9312065814576858
27,1,3,1,0.6724379946677375,0,0.0,1,0.6,1,0.9818894863128662,1,0.8578098288220384,0,0.4,1,0.6895743964247074,1,0.6777673609045477
28,0,1,0,0.001580897343674001,0,0.0,0,0.02,0,0.00019496756431180984,0,2.7604677592527777e-05,0,0.0,0,0.055197963946546434,0,0.04000468833168543
29,1,1,0,0.38117827304927343,1,1.0,0,0.38,0,0.331972599029541,0,0.07227094078638215,1,0.6,0,0.36287409805159593,0,0.37216381720579333
30,0,1,0,0.23942099249693616,0,0.0,0,0.41,0,0.42432692646980286,0,0.021123257695216332,0,0.4,0,0.18865120833991697,0,0.17865358214219182
31,1,3,1,0.8127672860348938,1,1.0,1,0.67,1,0.942608654499054,1,0.9871373162118974,1,0.8,1,0.8431138648744081,1,0.8210690738477107
32,0,1,0,0.1721475921037602,1,1.0,0,0.08,0,0.013033241964876652,0,0.005276809739804053,0,0.0,0,0.11954881311235985,0,0.12145318936806353
33,1,3,1,0.9676563466570229,1,1.0,1,0.88,1,0.9905686974525452,1,0.9990934690323401,1,0.8,1,0.8910999499493346,1,0.913224596302023
34,0,2,0,0.08328426502017887,0,0.0,0,0.22,0,0.008263079449534416,0,0.0029509854398776817,0,0.0,0,0.08930431371076117,0,0.10102197898970146
35,1,3,1,0.6527418827571139,1,1.0,1,0.64,1,0.9848487973213196,1,0.8830261758354045,1,0.6,1,0.7615387687998662,1,0.7140291155490405
36,1,0,1,0.7101887307241791,0,0.0,1,0.52,1,0.7435197234153748,0,0.36643548789499053,0,0.4,0,0.33204407641310396,0,0.3883386212176617
37,1,0,1,0.9903094010304038,1,1.0,1,0.91,1,0.9982175230979919,1,0.9994447112168117,1,1.0,1,0.9285707600939642,1,0.9294014981202232
38,1,4,1,0.8196431646299657,1,1.0,1,0.69,1,0.6310533881187439,1,0.9812401783841549,1,1.0,1,0.8792714862619606,1,0.7921251049862039
39,0,2,0,0.003392215398762304,0,0.0,0,0.27,0,0.03836008161306381,0,8.324178685120518e-05,0,0.2,0,0.11034709079864267,0,0.09897872580542315
40,1,0,1,0.9781228217936535,1,1.0,1,0.97,1,0.9927569031715393,1,0.9969271470187895,1,1.0,1,0.9315755894440702,1,0.9254345299556083
41,1,4,1,0.9713517317599559,1,1.0,1,1.0,1,0.9985702037811279,1,0.9994543988383994,1,1.0,1,0.9338037475312501,1,0.9230143415890019
42,0,3,0,0.379850059324524,0,0.0,1,0.52,0,0.41684338450431824,1,0.6393151074003404,1,0.6,1,0.5054084687159839,1,0.5212244048091386
43,1,1,1,0.9588993918728085,1,1.0,1,0.91,1,0.9959831237792969,1,0.9984483045103489,1,0.8,1,0.8969052144725199,1,0.9147271491290144
44,0,4,1,0.6811121073438904,1,1.0,0,0.38,1,0.5370069742202759,0,0.1526215994162186,1,0.6,0,0.47625197489954346,0,0.43935696385062895
45,1,2,1,0.9163875511391364,1,1.0,1,0.74,1,0.8412954807281494,1,0.9848179203902506,1,0.8,1,0.8380785528401117,1,0.8669312225083948
46,0,4,0,0.2880903027920654,0,0.0,0,0.33,0,0.012749587185680866,1,0.5996857462041636,0,0.4,0,0.26164820767084607,0,0.29073356406292156
47,1,2,0,0.06143764546273152,0,0.0,0,0.38,0,0.05266308784484863,0,9.27878748146904e-05,0,0.4,0,0.169352604119539,0,0.18784104510203614
48,1,1,0,0.017554632494252657,1,1.0,0,0.3,0,0.006883262190967798,0,0.00045104788859493726,0,0.2,0,0.14501685109611026,0,0.13029783205102088
49,0,4,0,0.0034648664854181805,0,0.0,0,0.1,0,0.000942531565669924,0,6.176019736014935e-06,0,0.2,0,0.07402998740733623,0,0.053781561042907204
50,0,0,1,0.610566557005763,0,0.0,1,0.68,1,0.9748049378395081,1,0.9483359397246593,1,0.8,1,0.5264411623912103,1,0.5234767486140526
51,0,3,0,0.04527744164061275,0,0.0,0,0.17,0,0.011720389127731323,0,0.00439025349845683,0,0.2,0,0.10298573050291986,0,0.09435324147910842
52,1,0,0,0.3031753513580177,1,1.0,1,0.53,1,0.9051788449287415,1,0.6371655712731098,0,0.4,1,0.7136546110520642,1,0.7465721532489611
53,0,2,0,0.002468259213954802,0,0.0,0,0.07,0,0.0005269934772513807,0,6.150066700871322e-07,0,0.0,0,0.06316971186751509,0,0.05401685218754943
54,1,0,1,0.811506669428303,1,1.0,1,0.7,1,0.9969667792320251,0,0.42058420698692717,1,0.6,1,0.8367743048050106,1,0.8175320714948495
55,1,1,1,0.8148966188983766,1,1.0,1,0.52,0,0.16366055607795715,1,0.9492440381725996,1,0.8,1,0.7495044924142422,1,0.770828005176087
56,0,4,0,0.027874510318920295,1,1.0,0,0.1,0,0.00656520389020443,0,4.188378946734386e-05,0,0.0,0,0.08565953233978695,0,0.07902595059867254
57,0,3,0,0.024196606598997167,0,0.0,0,0.04,0,0.008036269806325436,0,0.005163199847303868,0,0.0,0,0.0639598796655034,0,0.08533161432264756
58,1,1,1,0.9970609938817734,1,1.0,1,0.82,1,0.9988502264022827,1,0.9988636873424153,1,1.0,1,0.9104488454927081,1,0.9047845865923659
59,1,0,1,0.9976151793093502,1,1.0,1,0.87,1,0.9988206028938293,1,0.9999575559620562,1,1.0,1,0.9263257058149534,1,0.9312402748693868
60,1,2,1,0.9013322667789937,1,1.0,1,0.9,1,0.9996688365936279,1,0.8374002065999856,1,1.0,1,0.9009713960842238,1,0.8988698327934784
61,1,4,1,0.9724362023830554,1,1.0,1,0.69,1,0.9925094842910767,1,0.8243716878451218,1,1.0,1,0.8986635356407201,1,0.9063728410157514
62,1,3,1,0.6905720347362483,1,1.0,1,0.68,0,0.3403182029724121,1,0.7435652130910697,1,0.8,1,0.6743802280279556,1,0.6400937172668214
63,1,0,0,0.45356562307245196,1,1.0,1,0.74,1,0.8346772193908691,0,0.3010201481709229,1,0.8,1,0.8178298615222308,1,0.7914796044184503
64,1,2,1,0.8656088615160015,0,0.0,1,0.7,0,0.30827146768569946,1,0.9977741955219468,1,0.6,1,0.7541456337540279,1,0.7954357134608642
65,0,0,0,0.13173389947553987,0,0.0,0,0.21,0,0.21885818243026733,0,0.0001754070590962736,0,0.0,0,0.09742001580289308,0,0.10462722774925765
66,0,3,0,0.00521641493758793,0,0.0,0,0.03,0,0.00011392362648621202,0,7.4696119606553754e-06,0,0.0,0,0.061676556753032546,0,0.05116859408388012
67,1,0,1,0.954161528514966,1,1.0,1,0.59,1,0.9631217122077942,1,0.9928146097511835,1,1.0,1,0.9007472357877276,1,0.8833710401401179
68,0,2,0,0.011761524435235728,0,0.0,0,0.02,0,0.005285889841616154,0,3.755930386401251e-05,0,0.2,0,0.0723212282728386,0,0.05426518567152388
69,0,4,1,0.8720991505312088,0,0.0,0,0.47,0,0.042794935405254364,1,0.9886059528288892,0,0.4,1,0.5196757503895094,1,0.5972089726116521
70,0,3,0,0.0010571785214684559,0,0.0,0,0.02,0,0.0008872649050317705,0,2.4843365262270385e-08,0,0.0,0,0.06090915431802934,0,0.05801959628114357
71,1,1,0,0.03469796831501658,0,0.0,0,0.25,0,0.015415835194289684,0,0.004982912420793883,0,0.4,0,0.10652051520959907,0,0.09170014086486829
72,1,2,0,0.2179358712490605,0,0.0,0,0.21,0,0.005625554826110601,0,0.0014399524070161708,0,0.2,0,0.12357679686331818,0,0.1452710502427263
73,0,3,0,0.05603872294013715,0,0.0,0,0.15,0,0.008979808539152145,0,0.0017509605575871487,0,0.2,0,0.10136793543337728,0,0.12540407848137813
74,1,3,1,0.9077192452974718,1,1.0,1,0.99,1,0.9967635869979858,1,0.9948571700889993,1,0.8,1,0.8982581121608637,1,0.9204292519165713
75,0,0,0,0.4371547741942891,0,0.0,0,0.43,0,0.3036956489086151,0,0.1896785867059467,0,0.2,0,0.18547135184441063,0,0.28259744418658245
76,1,1,1,0.9557917974156018,1,1.0,1,0.91,1,0.9978002905845642,1,0.9986749766278056,1,0.8,1,0.8966044323671621,1,0.8967311709968148
77,1,2,1,0.7455599423439031,1,1.0,1,0.78,1,0.992090106010437,0,0.23329232244271356,1,1.0,1,0.8038914754708167,1,0.7451930980241535
78,0,2,0,0.003110564157392489,0,0.0,0,0.1,0,0.0004509934806264937,0,0.0025020292379147966,0,0.0,0,0.066487841121281,0,0.05700589605203204
79,0,0,0,0.2740956301129566,0,0.0,0,0.38,0,0.22229309380054474,0,0.023670598949811737,0,0.2,0,0.1492724971913214,0,0.14516446795071303
80,0,0,0,0.006699808978511824,0,0.0,0,0.15,0,0.030679665505886078,0,1.0495416198177082e-10,0,0.0,0,0.07765673132281503,0,0.06345573763750195
81,1,4,1,0.9970044938756096,1,1.0,1,0.77,1,0.9957011342048645,1,0.6528706121996152,1,1.0,1,0.8862318702789576,1,0.8818098894826581
82,0,2,0,0.009955950447561578,0,0.0,0,0.01,0,0.00010998096695402637,0,9.375584870278875e-05,0,0.0,0,0.057727865883432754,0,0.045022624565953615
83,0,2,0,0.002494848403578431,0,0.0,0,0.05,0,0.0006255374173633754,0,9.860462640670482e-06,0,0.0,0,0.06114101808503249,0,0.044800406198618206
84,1,0,1,0.9743163745983089,1,1.0,1,0.94,1,0.9965845346450806,1,0.9990239176932748,1,1.0,1,0.9296795498841,1,0.9264907058530076
85,0,3,0,0.09296974179535664,0,0.0,0,0.1,0,0.000432132335845381,0,0.07994996713355991,0,0.0,0,0.07354990054724546,0,0.09965636979369055
86,0,3,0,0.022873713451898404,0,0.0,0,0.04,0,0.0008357067708857358,0,0.0013283626824269863,0,0.0,0,0.06325218701837824,0,0.061004866153535536
87,1,1,1,0.9084921081431466,1,1.0,1,0.94,1,0.9948008060455322,1,0.9958276586088,1,0.8,1,0.893185809503455,1,0.8886448584511121
88,0,1,1,0.6568529246878185,0,0.0,0,0.46,0,0.18224695324897766,0,0.2452772166175658,0,0.4,0,0.3231600878862876,0,0.4254186208860057
89,0,2,0,0.014111276567886211,0,0.0,0,0.21,0,0.028759242966771126,0,0.00022770493856835765,0,0.0,0,0.08280378496033391,0,0.0676175823962717
90,0,4,1,0.9537834430837072,1,1.0,1,0.88,1,0.9898481965065002,1,0.9992301731872829,1,0.8,1,0.9024647450972914,1,0.9114655798386869
91,0,4,1,0.7117463708296153,0,0.0,1,0.83,1,0.9626281261444092,1,0.8538289593013378,1,0.8,1,0.7920278894089109,1,0.7764725473704976
92,0,3,0,0.028393021067504867,0,0.0,0,0.09,0,0.0005199326551519334,0,0.0026342561738481305,0,0.0,0,0.06685042868068725,0,0.0671506599386597
93,1,2,1,0.8372900237176855,1,1.0,1,0.71,1,0.9041653871536255,1,0.7281882580275411,1,0.8,1,0.802414044915016,1,0.7990571288332944
94,0,0,0,0.060532765308263806,1,1.0,1,0.58,1,0.9361772537231445,0,0.010871213420977239,0,0.2,1,0.5991218018406332,1,0.6196255046236959
95,1,0,1,0.5033416345665397,0,0.0,0,0.38,0,0.16431264579296112,1,0.874726914391607,0,0.4,0,0.24335622417206315,0,0.2808289670636572
96,1,4,1,0.8273156647588803,1,1.0,1,0.69,1,0.6080567836761475,1,0.9900363600994948,1,0.6,1,0.7978249144161597,1,0.8332710141108077
97,1,1,1,0.7034781791286348,1,1.0,1,0.52,0,0.4585862457752228,0,0.19569906976108037,0,0.4,1,0.5019194377336997,1,0.6024195794707183
98,0,3,0,0.06089036009008104,0,0.0,0,0.11,0,0.01889464259147644,0,0.013124328037637075,0,0.0,0,0.07177052269779942,0,0.08755726408533346
99,1,3,1,0.6494981270017258,0,0.0,1,0.6,1,0.7774435877799988,0,0.43742880737749373,1,0.8,1,0.7364906362761896,1,0.6700797630065528
100,1,4,1,0.9444103266934828,1,1.0,1,0.94,1,0.9982530474662781,1,0.9988648120720959,1,1.0,1,0.9293047723093555,1,0.9145280222450798
101,0,3,1,0.9478648254133601,1,1.0,1,0.78,1,0.9878921508789062,1,0.9876779724105719,1,1.0,1,0.9108522730139881,1,0.9089260740460586
102,1,2,1,0.8987122202009392,1,1.0,1,0.92,1,0.998200535774231,1,0.9859284824740252,1,1.0,1,0.911509888420595,1,0.9105089058634008
103,1,0,1,0.773217446857366,1,1.0,1,0.88,1,0.9896711707115173,1,0.9690871054890546,1,0.6,1,0.8753284475232395,1,0.8718462126440932
104,0,4,1,0.7363534160646423,1,1.0,1,0.61,1,0.7543937563896179,1,0.7120646398678961,1,0.6,1,0.7292970718071938,1,0.7407805357469122
105,0,1,0,0.1537060099641484,0,0.0,0,0.35,0,0.1864606887102127,0,0.021478662744427876,0,0.2,0,0.12383849448497408,0,0.15832101590864223
106,0,3,0,0.009963190002324703,0,0.0,0,0.19,0,0.0035307437647134066,0,0.00083474686944119,0,0.0,0,0.07312458137519437,0,0.08574013255320813
107,0,4,1,0.6860719113148426,1,1.0,1,0.81,1,0.6868489384651184,1,0.9622628231348226,1,1.0,1,0.8788880304227354,1,0.8735737106716436
108,1,2,1,0.8198814757313952,1,1.0,1,0.97,1,0.9982916712760925,1,0.9727303590368916,1,0.6,1,0.8677887423383231,1,0.8905095669463919
109,0,4,1,0.7894827309750758,1,1.0,1,0.83,1,0.9859601259231567,1,0.9189741678236102,1,1.0,1,0.9045946568121237,1,0.8737659282364473
110,0,1,0,0.01860093933333055,1,1.0,0,0.23,0,0.0009259629878215492,0,0.0064614554445108115,0,0.2,0,0.13615054063644333,0,0.113562731516694
111,0,1,0,0.0009291360982177014,0,0.0,0,0.0,0,0.0002799858630169183,0,1.732413204064665e-06,0,0.0,0,0.054010619604997125,0,0.039684044116057915
112,1,2,0,0.4705672699223062,1,1.0,1,0.6,0,0.22735543549060822,0,0.02911680943629691,1,0.8,0,0.3844946623299902,0,0.2481840230876214
113,1,1,1,0.851739314510722,1,1.0,1,0.86,1,0.975074291229248,1,0.9777224920100072,1,0.6,1,0.8494651443282234,1,0.8504829376675908
114,1,1,1,0.6345180296074029,1,1.0,1,0.65,0,0.4506128132343292,1,0.97078430638401,1,1.0,1,0.793301836124282,1,0.7761246112751475
115,0,1,1,0.5370323313285765,1,1.0,1,0.55,1,0.7690685391426086,1,0.8874118404175033,1,0.8,1,0.7260025489619311,1,0.6686435283766596
116,0,4,0,0.05926257102663203,1,1.0,0,0.23,0,0.30188360810279846,0,0.0006301221488265544,0,0.2,0,0.15223739538062606,0,0.13786479237631397
117,1,1,1,0.5616691603198871,1,1.0,1,0.61,1,0.8025981187820435,1,0.5196210834247729,1,0.6,1,0.6369779856193533,1,0.5819426002739593
118,0,2,1,0.9599502915968235,1,1.0,1,0.99,1,0.9981389045715332,1,0.9976948780877741,1,1.0,1,0.9268270952364103,1,0.9271530726295678
119,1,0,1,0.854739317719491,1,1.0,1,0.94,1,0.9878613948822021,1,0.9888460544967929,1,1.0,1,0.9233054763284911,1,0.9226783963746078
120,0,2,0,0.005134734596551617,0,0.0,0,0.14,0,0.007300631143152714,0,9.19977595434181e-05,0,0.0,0,0.07154763964183185,0,0.05957162484623706
121,1,4,1,0.9767761802278467,1,1.0,1,0.98,1,0.9968146681785583,1,0.9997123599822844,1,0.8,1,0.911165911886641,1,0.9287287556065837
122,1,1,1,0.9309712476329123,1,1.0,1,0.86,1,0.9903734922409058,1,0.9985513892708626,1,1.0,1,0.906146344024414,1,0.9037621137237298
123,0,0,0,0.04965301445400136,0,0.0,0,0.06,0,0.005996295716613531,0,0.0019201937934096949,0,0.2,0,0.08820049151470666,0,0.07685781525408825
124,1,3,1,0.9520709842048135,1,1.0,1,0.92,1,0.988166093826294,1,0.9936029300806143,1,1.0,1,0.9229506304974716,1,0.9121743869095107
125,0,1,1,0.5607384463148899,1,1.0,1,0.76,1,0.8064326047897339,1,0.8561358492004368,1,0.8,1,0.7736884434239029,1,0.72191899710697
126,1,0,1,0.7632800109243817,1,1.0,1,0.86,1,0.9988400340080261,1,0.9853700478471333,1,1.0,1,0.9128567334883937,1,0.9206440679163755
127,0,0,0,0.02980602345844332,1,1.0,0,0.15,0,0.012241384945809841,0,0.0014292521153961245,0,0.0,0,0.32246641987687596,0,0.32216278148147676
128,0,2,0,0.01979029416361585,0,0.0,0,0.16,0,0.0019592843018472195,0,0.002554637269630994,0,0.0,0,0.07485959402572917,0,0.07083284498536596
129,1,1,1,0.6996435768551642,1,1.0,1,0.6,1,0.8900812268257141,1,0.7880888465150412,1,0.6,1,0.735555143467913,1,0.7315354238058754
130,1,2,1,0.950349845964968,1,1.0,1,0.92,1,0.9981403350830078,1,0.9940763802026699,1,1.0,1,0.9169971016020073,1,0.9203327811472688
131,1,3,1,0.8097889578139531,1,1.0,1,0.79,1,0.6549858450889587,1,0.9778694084667963,1,1.0,1,0.8590056313502836,1,0.8220020535322077
132,1,4,1,0.9753349735092047,1,1.0,1,0.81,1,0.9798316359519958,1,0.9992582075438075,1,1.0,1,0.9233227207238235,1,0.9072525923770569
133,1,0,1,0.8598804389044918,1,1.0,1,0.74,1,0.9279531240463257,1,0.9771667685268632,1,1.0,1,0.905589215288642,1,0.8841878804558795
134,0,4,1,0.6166594747584372,1,1.0,0,0.48,1,0.7118896245956421,0,0.3052315987120982,1,0.6,1,0.5613647716674435,1,0.5233554473602674
135,1,0,1,0.8522487773200051,1,1.0,1,0.72,1,0.9797122478485107,1,0.913827151167731,1,0.6,1,0.8613902998019011,1,0.8680490972070356
136,1,3,1,0.749242300128868,1,1.0,1,0.54,0,0.3833003640174866,1,0.8841140710812755,1,0.8,1,0.6786776209287375,1,0.6637934375109593
137,1,0,1,0.974152281020469,1,1.0,1,0.88,1,0.9930875897407532,1,0.9990963082233496,1,1.0,1,0.9256137936468464,1,0.9196447956355964
138,0,3,0,0.07260497050758592,0,0.0,0,0.34,0,0.03492173179984093,0,0.009614484093435254,0,0.0,0,0.09261728409717032,0,0.125925105147096
139,0,3,0,0.004409581306065552,0,0.0,0,0.03,0,0.0010161196114495397,0,5.0357572769436636e-05,0,0.0,0,0.061703802500151776,0,0.05343305964723263
140,0,0,0,0.16743601767991875,0,0.0,0,0.32,0,0.05471474304795265,0,0.17980033626431902,0,0.0,0,0.10672978380134825,0,0.17440805192018471
141,1,0,1,0.9852264725625149,1,1.0,1,0.9,1,0.9925526976585388,1,0.9993176102287975,1,0.8,1,0.9121385336212222,1,0.9199657010015589
142,1,1,1,0.8493582294864124,1,1.0,1,0.63,1,0.8563900589942932,1,0.7233743894420219,1,0.8,1,0.8007298335125472,1,0.8246896748926889
143,1,2,1,0.740651457904869,1,1.0,1,0.62,0,0.19849616289138794,1,0.9698808136960958,1,1.0,1,0.6643449254474125,1,0.6861326748109238
144,0,2,0,0.453768060737743,1,1.0,1,0.67,0,0.3393504321575165,1,0.7140235019474808,0,0.4,0,0.44092014436764043,1,0.5132462094398477
145,0,4,0,0.10113355169892396,0,0.0,0,0.19,0,0.0010106200352311134,0,0.06347060974833071,0,0.0,0,0.06911803563876416,0,0.07507698167392991
146,0,2,1,0.9130403051341647,0,0.0,1,0.78,1,0.9753782749176025,1,0.9903102521403071,1,1.0,1,0.9248803965965339,1,0.9117500339627918
147,0,4,0,0.27623295938100545,0,0.0,0,0.26,0,0.05925620347261429,1,0.5337341392192066,0,0.2,0,0.18883788719079483,0,0.25745679629342594
148,1,3,1,0.6217193598253881,1,1.0,1,0.78,1,0.9930481314659119,1,0.7380436034369875,1,0.6,1,0.7729287951329551,1,0.7980254800944704
149,0,2,1,0.5265363253133925,1,1.0,1,0.77,1,0.936510443687439,1,0.585582896448712,0,0.2,1,0.6025861364763403,1,0.6568525709865433
150,0,1,0,0.02037232914971526,0,0.0,0,0.09,0,0.006036199163645506,0,0.0017239281734597015,0,0.0,0,0.06109233052927314,0,0.06434911710138032
151,1,0,1,0.8405033448890988,1,1.0,1,0.83,1,0.9532771110534668,1,0.9602326934431745,1,1.0,1,0.9123901636741529,1,0.8928757506781988
152,0,2,0,0.4931633775394367,1,1.0,1,0.58,1,0.7830911874771118,1,0.7516840176540197,0,0.4,1,0.5466325873655984,0,0.48522175380976623
153,1,3,1,0.7085473012584496,1,1.0,0,0.49,1,0.8337183594703674,0,0.3054277748023989,0,0.4,1,0.5523641504777089,1,0.5547655068934392
154,0,3,1,0.7978042086755082,1,1.0,1,0.81,1,0.9571672677993774,1,0.9825105185788304,1,0.6,1,0.814733889119202,1,0.8319172404429954
155,0,1,0,0.07294752251770792,0,0.0,0,0.03,0,0.0028293179348111153,0,0.008326476156914666,0,0.2,0,0.07441950917841093,0,0.08811009044019082
156,0,0,0,0.09522914398060144,0,0.0,0,0.15,0,0.0211750790476799,0,0.0001120042878134169,0,0.0,0,0.08195598536446823,0,0.08611134070312294
157,1,4,1,0.9880286348890833,1,1.0,1,0.99,1,0.997265100479126,1,0.9996269865487095,1,1.0,1,0.9341550095872133,1,0.9364242243833765
158,1,4,1,0.9504710585247059,1,1.0,1,0.72,1,0.9704421758651733,1,0.9911795850245849,1,0.8,1,0.8882930162073005,1,0.8938149875180353
159,1,2,1,0.9692014542592042,1,1.0,1,0.93,1,0.9995250701904297,1,0.997294531251868,1,1.0,1,0.9203443611720831,1,0.9283495045539855
160,1,1,1,0.9869961773178548,1,1.0,1,0.77,1,0.9835219383239746,1,0.9993628330759112,1,0.6,1,0.8631453728695084,1,0.8954437646309057
161,1,4,1,0.980964714073642,1,1.0,1,0.92,1,0.998475968837738,1,0.9995951494888566,1,1.0,1,0.930392040743603,1,0.931974381231592
162,1,1,0,0.1363103226388165,0,0.0,0,0.38,0,0.1540328562259674,0,0.0004691242026342517,0,0.0,0,0.10135551186285673,0,0.09909668498704587
163,1,4,1,0.9576683652324741,1,1.0,1,0.77,1,0.990865170955658,1,0.9366243328283965,1,1.0,1,0.9146433563310825,1,0.8973174513032347
164,0,1,0,0.20334843374189776,0,0.0,0,0.25,0,0.027020445093512535,0,0.03119615780403646,0,0.4,0,0.13421874971280484,0,0.13325686334883272
165,0,1,1,0.7615745012232369,1,1.0,1,0.64,1,0.8939183950424194,0,0.0036800697948471336,0,0.4,1,0.5634405383250948,1,0.5664412290821096
166,1,2,1,0.7750917904119728,1,1.0,1,0.81,1,0.9651626348495483,1,0.9457246131456023,1,0.8,1,0.8462962695419161,1,0.8414971855058717
167,1,4,1,0.765947015526092,0,0.0,1,0.77,1,0.9817221760749817,1,0.9694572979760737,1,0.8,1,0.8169269742327017,1,0.7890130993013252
168,0,1,0,0.0024929996233349207,0,0.0,0,0.01,0,0.00011443437688285485,0,2.2399025458938554e-06,0,0.0,0,0.05468633266520805,0,0.040128369090499376
169,1,3,1,0.9222810689522309,1,1.0,1,0.81,1,0.9833510518074036,1,0.997975422880428,1,0.8,1,0.8786006939995892,1,0.8828689918210989
170,0,4,0,0.08005958026688939,0,0.0,0,0.07,0,0.0032850042916834354,0,0.0005630744238677366,0,0.2,0,0.07712693400347374,0,0.07751737417998661
171,0,1,1,0.5068210180037788,0,0.0,0,0.34,0,0.025523658841848373,0,0.4191419809369157,1,0.6,0,0.3104050842289868,0,0.29445867453315905
172,0,0,0,0.09352053460817908,0,0.0,0,0.16,0,0.003918929491192102,0,0.007269659878797564,0,0.2,0,0.09921089701179565,0,0.07989328656544273
173,0,2,0,0.019584989786258163,0,0.0,0,0.03,0,0.0023540121037513018,0,0.00017006648232210974,0,0.0,0,0.06049050834781966,0,0.04799757879496154
174,1,4,1,0.9952438430763147,1,1.0,1,1.0,1,0.9997417330741882,1,0.9999346024098572,1,1.0,1,0.9351393306185238,1,0.939099505045807
175,0,2,1,0.7792545398758786,0,0.0,1,0.61,0,0.3310351073741913,1,0.9750279682432352,1,0.6,1,0.7040441619084516,1,0.7873852860376843
176,1,3,1,0.9768182355080153,1,1.0,1,0.89,1,0.9941515326499939,1,0.9940839673849783,1,1.0,1,0.92261348027515,1,0.9254536104355001
177,1,1,1,0.9634547415649884,1,1.0,1,0.84,1,0.9937962293624878,1,0.9992984508953602,1,1.0,1,0.9082672777868808,1,0.9076097526989227
178,1,2,1,0.6157030261867774,1,1.0,1,0.58,1,0.6362895965576172,1,0.8816789517032521,1,0.6,1,0.6155492499709176,1,0.677382506538868
179,1,3,1,0.8619148766791171,1,1.0,1,0.84,1,0.9855542182922363,1,0.9662826670353771,1,1.0,1,0.9093077825968344,1,0.8957047591562911
180,0,2,0,0.0154738988546507,0,0.0,0,0.16,0,0.000910382135771215,0,0.0002669167002202646,0,0.0,0,0.07430200579517267,0,0.06129047942135262
181,1,1,1,0.9686390546219665,1,1.0,1,0.94,1,0.9990299940109253,1,0.9992446587826278,1,1.0,1,0.9178012998724859,1,0.9200505591523309
182,1,3,1,0.8586350899276601,1,1.0,1,0.57,0,0.3145349323749542,1,0.9917812073888231,1,0.8,1,0.6983985844625625,1,0.8402869099821768
183,0,3,0,0.01751648320792922,0,0.0,0,0.05,0,0.009040527045726776,0,7.027664469175902e-05,0,0.0,0,0.06420379420655362,0,0.06045528198951657
184,0,1,0,0.022325552665095,1,1.0,0,0.14,0,0.005676215514540672,0,0.0005490637126889583,0,0.0,0,0.10473013103618602,0,0.08722700780489022
185,0,0,1,0.7871329188721407,1,1.0,0,0.49,0,0.47161921858787537,1,0.9470044109784219,1,0.8,1,0.8182113585172344,1,0.7691273260753156
186,1,4,1,0.6917945414376174,1,1.0,1,0.91,1,0.9959716200828552,1,0.5882137452299003,1,1.0,1,0.8606569352425817,1,0.8237451700977843
187,0,3,0,0.14336306432617235,0,0.0,0,0.21,0,0.10609849542379379,0,0.02801604397073554,0,0.2,0,0.12870247374598023,0,0.18164037515038156
188,0,0,0,0.19395296393371725,0,0.0,0,0.16,0,0.0046570212580263615,0,0.2644404430698472,0,0.4,0,0.13641437814943425,0,0.11708162558968173
189,1,2,1,0.9937909299288851,0,0.0,1,0.93,1,0.995849609375,1,0.9992601705753802,1,1.0,1,0.9480149272015487,1,0.9508820695794769
190,0,1,0,0.1105014258884001,1,1.0,0,0.29,0,0.02361602708697319,0,0.0010479820739381386,0,0.2,0,0.16137708112122148,0,0.15279351281161657
191,1,2,1,0.9752423118182492,1,1.0,1,0.98,1,0.9998183846473694,1,0.9986019914965694,1,1.0,1,0.9271145499551385,1,0.9284092043533054
192,1,1,1,0.9861632064108815,1,1.0,1,0.83,1,0.9977571368217468,1,0.9994710562031088,1,1.0,1,0.9101202264394797,1,0.9116654707929415
193,0,0,0,0.25564669941156254,0,0.0,0,0.38,0,0.17450861632823944,0,0.08008083388381691,0,0.4,0,0.1746502426847579,0,0.16189961713380602
194,0,4,0,0.029487954895945155,0,0.0,0,0.18,0,0.002876831917092204,0,0.0021263452892142055,0,0.4,0,0.10610886969187831,0,0.07544497632267697
195,1,4,1,0.9524626101428252,1,1.0,1,0.85,1,0.9896475672721863,1,0.9574271898672907,1,1.0,1,0.9209029977015117,1,0.8800776993943203
196,0,0,0,0.002598681686542722,0,0.0,0,0.09,0,0.00146854342892766,0,2.832539729657155e-05,0,0.0,0,0.07231205960110433,0,0.06532595785123416
197,0,0,0,0.3022464181581012,1,1.0,0,0.34,1,0.5193100571632385,0,0.032071437181690345,0,0.2,1,0.5314666410080314,1,0.5182908138360519
198,1,2,1,0.7055518002700556,1,1.0,1,0.62,1,0.523964524269104,1,0.959269924656954,1,1.0,1,0.7319932515209466,1,0.7800509117323332
199,1,2,1,0.7069542667749897,1,1.0,0,0.41,0,0.2835958003997803,1,0.9308070759375522,1,0.8,1,0.5326250087330813,1,0.5661329669112812
200,0,0,0,0.09060581860431144,0,0.0,0,0.15,0,0.011390335857868195,0,0.0015034915295249315,0,0.2,0,0.09834868805519469,0,0.11616291021871668
201,1,4,1,0.7622425546924414,1,1.0,1,0.83,1,0.8002287745475769,1,0.8435416212169772,1,0.8,1,0.8441360071391,1,0.8176035737899329
202,1,1,1,0.9084530953761222,1,1.0,1,0.91,1,0.9929304122924805,1,0.9901538668762224,1,0.8,1,0.8893913425427268,1,0.8955371529694263
203,1,1,1,0.9940326703347536,1,1.0,1,0.99,1,0.999544084072113,1,0.9998846922193793,1,1.0,1,0.924431759188769,1,0.9342379187646508
204,0,3,0,0.24037299673543008,0,0.0,0,0.45,1,0.6288672089576721,0,0.002697866867439258,1,0.8,1,0.5317260093289965,0,0.3319728455066253
205,0,2,0,0.0025199374700803417,0,0.0,0,0.03,0,0.00018492451636120677,0,2.737731679585553e-06,0,0.0,0,0.05913829764430221,0,0.04295610525803256
206,0,4,1,0.5371746165942637,0,0.0,0,0.49,0,0.41466695070266724,1,0.9426650087201968,1,0.6,1,0.5815701638792343,1,0.6073402315651047
207,1,4,1,0.9723048685465219,1,1.0,1,0.97,1,0.9860810041427612,1,0.999551999216631,1,1.0,1,0.9318297804976504,1,0.9242410273333865
208,1,4,1,0.9652984709241361,1,1.0,1,1.0,1,0.9979164004325867,1,0.9995266452416312,1,1.0,1,0.9334602744771462,1,0.9352025308436395
209,0,2,0,0.4248842496649759,1,1.0,0,0.35,0,0.20317798852920532,0,0.0581321561086747,0,0.4,0,0.1970388175976047,0,0.2799259404040193
210,0,1,0,0.2718223358480201,0,0.0,0,0.17,0,0.02415483258664608,0,0.06707714077348997,0,0.0,0,0.09721895513182498,0,0.09776263276903394
211,1,0,1,0.7653818111750655,0,0.0,0,0.36,0,0.03665759414434433,1,0.9617415284384114,1,0.8,0,0.35670359430230464,0,0.4085471726000856
212,0,4,1,0.8498968369699046,1,1.0,0,0.47,1,0.8835460543632507,0,0.32955459168733664,0,0.4,1,0.5711349877638868,1,0.6514797553459604
213,0,3,0,0.02580902770166505,0,0.0,0,0.11,0,0.0022579117212444544,0,8.525917586328725e-05,0,0.2,0,0.09453158336135777,0,0.1022162624830305
214,0,4,0,0.2986138332933359,0,0.0,0,0.31,0,0.0024768502917140722,0,0.3855809976055705,0,0.4,0,0.2108096421902566,0,0.22727473277698393
215,1,1,1,0.8163814360010289,1,1.0,1,0.76,1,0.9771984815597534,1,0.9754370228177608,1,1.0,1,0.8777428817152276,1,0.8697232529904912
216,0,1,0,0.014672673904775823,0,0.0,0,0.27,0,0.03841656073927879,0,0.0008589703457830426,0,0.0,0,0.07400784041730374,0,0.07611120613485887
217,1,0,1,0.9662541679955926,1,1.0,1,0.76,1,0.9918310046195984,1,0.9968039413396436,1,0.8,1,0.8992049972753051,1,0.9092541919550166
218,1,0,1,0.8636351541251372,0,0.0,1,0.74,1,0.8610178828239441,1,0.9528648932954898,0,0.4,0,0.46762640711281045,0,0.42631940063801854
219,1,0,1,0.5775420016275016,1,1.0,1,0.69,1,0.9639326930046082,1,0.7443980356877921,1,1.0,1,0.8761337245031461,1,0.8783948210529414
220,1,3,1,0.5248041126839916,1,1.0,1,0.52,0,0.23855426907539368,0,0.2523234565600732,0,0.4,0,0.33913852990245885,0,0.4976524179096964
221,1,3,1,0.9456451888705353,1,1.0,1,0.97,1,0.9937995076179504,1,0.9973316901302509,1,0.8,1,0.8988904726686008,1,0.9049314255443092
222,1,4,1,0.9828934680712402,1,1.0,1,0.94,1,0.9971713423728943,1,0.9998366109688698,1,1.0,1,0.9314561506137177,1,0.9357012218570259
223,1,3,1,0.6748830777129255,0,0.0,1,0.61,1,0.9854007363319397,1,0.5538100369327611,0,0.2,1,0.5758768584799261,1,0.6643928226980568
224,1,4,0,0.49270793765841364,0,0.0,0,0.4,0,0.22506146132946014,1,0.654057724042931,1,0.6,0,0.4307283232882741,0,0.40485192998649827
225,1,2,1,0.9954322275136087,1,1.0,1,0.89,1,0.9982155561447144,1,0.9998335355894861,1,1.0,1,0.9176024060467289,1,0.9230342311746575
226,1,3,1,0.9829083570235535,1,1.0,1,0.95,1,0.9938593506813049,1,0.9999196173751742,1,1.0,1,0.9276562990962272,1,0.9121199597461752
227,1,3,1,0.9858222521618752,1,1.0,1,0.98,1,0.999686598777771,1,0.9985789671996861,1,1.0,1,0.9303933317175304,1,0.934650717219207
228,1,4,0,0.25188707743027755,0,0.0,0,0.4,0,0.053299691528081894,0,0.1218944398453359,0,0.2,0,0.13120235072207984,0,0.17565024715206626
229,1,4,1,0.7463773717878965,1,1.0,1,0.68,1,0.9605098366737366,1,0.9339276544939836,0,0.4,1,0.7641885631590997,1,0.8391157868531608
230,1,0,1,0.9849370089020002,0,0.0,1,0.65,1,0.9237514138221741,1,0.9990072131247749,1,1.0,1,0.6323682068893856,1,0.6284523679378452
231,0,4,0,0.061551625189548584,0,0.0,0,0.14,0,0.005230838432908058,0,0.0007096788196306142,0,0.0,0,0.060167558898831894,0,0.07489865046997495
232,0,1,0,0.4672123843421651,0,0.0,0,0.3,0,0.023906609043478966,0,0.13849925395369705,0,0.4,0,0.20604365748161252,0,0.2141655412455309
233,1,2,1,0.9311216546979848,1,1.0,1,0.91,1,0.9965338706970215,1,0.9897975061016218,1,1.0,1,0.9134117395871286,1,0.9173240791598242
234,0,3,0,0.12136343614964083,0,0.0,0,0.26,0,0.0736602395772934,0,0.043333790155193695,0,0.4,0,0.1747641836376763,0,0.1967649341703878
235,0,2,0,0.016348379203836562,0,0.0,0,0.13,0,0.0022806916385889053,0,2.634303095300793e-07,0,0.0,0,0.07093954990832392,0,0.07389902014282058
236,1,2,1,0.989365182555751,1,1.0,1,0.99,1,0.9996346235275269,1,0.9994982639020124,1,1.0,1,0.9294833574440606,1,0.9420826845295962
237,1,4,1,0.7875939986991337,1,1.0,1,0.84,1,0.9808337092399597,1,0.9501497114282961,1,0.8,1,0.8791161642734049,1,0.8855152582355112
238,1,0,1,0.7665311572425811,1,1.0,1,0.67,1,0.8744240403175354,1,0.9226666381060714,1,0.8,1,0.8666596621139885,1,0.8792582195163466
239,1,3,1,0.9940317190197236,1,1.0,1,0.88,1,0.9986078143119812,1,0.9996607990278293,1,1.0,1,0.9234329487479532,1,0.9264415322038749
240,1,3,1,0.5793671521986549,0,0.0,0,0.48,0,0.44618654251098633,1,0.8862443306408151,0,0.2,0,0.3989543331933211,0,0.4642421630754167
