,,Accuracy,Precision,Recall,F1,AUC
reconstruction_minus_paper_pp,LR,-3.414390243902432,-5.769523809523813,0.5285714285714227,-3.0831168831168765,0.9409523809523868
reconstruction_minus_paper_pp,DT,7.320000000000004,2.980000000000005,10.909999999999997,7.110000000000005,2.980000000000005
reconstruction_minus_paper_pp,RF,7.320000000000004,8.699999999999996,4.549999999999999,6.669999999999998,2.6599999999999957
reconstruction_minus_paper_pp,XGB,9.27,8.260000000000002,9.099999999999998,8.68,1.7000000000000015
reconstruction_minus_paper_pp,NB,-1.4631707317073195,-1.7982456140350878,-2.3809523809523836,-2.061735159817357,-1.4214285714285735
reconstruction_minus_paper_pp,KNN,0.4914634146341412,0.8986407766990223,-1.5557142857142936,-0.3315384615384609,3.2504761904761814
reconstruction_minus_paper_pp,Stack,1.4700000000000046,0.0,2.729999999999999,1.3900000000000023,1.19999999999999
nested_minus_paper_pp,LR,-0.5725726141078802,-0.015555555555557543,-0.823664122137413,-0.38181818181818317,-1.359916724496879
nested_minus_paper_pp,DT,-15.086639004149372,-19.7150354609929,-5.883893129770989,-12.742941176470579,-19.962401110340046
nested_minus_paper_pp,RF,-7.617759336099583,-7.127338129496408,-6.137022900763355,-6.663333333333332,-7.02771686328939
nested_minus_paper_pp,XGB,-11.061950207468884,-10.679393939393943,-9.220610687022901,-9.95117870722434,-9.479736294240105
nested_minus_paper_pp,NB,-2.647261410788382,-1.2050359712230119,-3.7404580152671785,-2.3762962962962986,-2.654996530187359
nested_minus_paper_pp,KNN,-2.862448132780082,-3.3917647058823497,-1.0104580152671794,-2.2258052434457,-3.6298681471200522
nested_minus_paper_pp,Stack,-18.032074688796673,-20.4225352112676,-11.010458015267178,-15.826117216117218,-8.626509368494094
