model,fold,Accuracy,Precision,Recall,F1,AUC
LR,0,0.898,0.8929,0.9259,0.9091,0.9663
LR,1,0.7917,0.8077,0.8077,0.8077,0.8811
LR,2,0.8333,0.8462,0.8462,0.8462,0.8899
LR,3,0.9583,0.9286,1.0,0.963,0.9476
LR,4,0.7083,0.6667,0.9231,0.7742,0.8829
DT,0,0.7347,0.7692,0.7407,0.7547,0.734
DT,1,0.7917,0.75,0.9231,0.8276,0.7797
DT,2,0.7917,0.8077,0.8077,0.8077,0.7902
DT,3,0.875,0.9167,0.8462,0.88,0.8776
DT,4,0.6875,0.6667,0.8462,0.7458,0.6731
RF,0,0.898,0.8929,0.9259,0.9091,0.9604
RF,1,0.8333,0.875,0.8077,0.84,0.9003
RF,2,0.8125,0.7931,0.8846,0.8364,0.8671
RF,3,0.8958,0.8889,0.9231,0.9057,0.9519
RF,4,0.8125,0.7742,0.9231,0.8421,0.8497
XGB,0,0.8571,0.8333,0.9259,0.8772,0.9141
XGB,1,0.7708,0.8571,0.6923,0.766,0.8759
XGB,2,0.7708,0.8261,0.7308,0.7755,0.8689
XGB,3,0.8333,0.875,0.8077,0.84,0.9423
XGB,4,0.75,0.7059,0.9231,0.8,0.8444
NB,0,0.8776,0.8889,0.8889,0.8889,0.963
NB,1,0.8333,0.9091,0.7692,0.8333,0.8724
NB,2,0.7708,0.7778,0.8077,0.7925,0.8497
NB,3,0.8542,0.8519,0.8846,0.8679,0.9388
NB,4,0.75,0.6944,0.9615,0.8065,0.8514
KNN,0,0.8571,0.8846,0.8519,0.8679,0.9444
KNN,1,0.8333,0.875,0.8077,0.84,0.8811
KNN,2,0.8958,0.8889,0.9231,0.9057,0.9108
KNN,3,0.8125,0.84,0.8077,0.8235,0.8986
KNN,4,0.75,0.7059,0.9231,0.8,0.868
Untuned stack,0,0.7755,0.7857,0.8148,0.8,0.9327
Untuned stack,1,0.8333,0.875,0.8077,0.84,0.9038
Untuned stack,2,0.8125,0.8148,0.8462,0.8302,0.8794
Untuned stack,3,0.875,0.8571,0.9231,0.8889,0.9388
Untuned stack,4,0.7292,0.6857,0.9231,0.7869,0.8916
Tuned stack,0,0.7755,0.7857,0.8148,0.8,0.936
Tuned stack,1,0.8333,0.875,0.8077,0.84,0.9056
Tuned stack,2,0.8333,0.8214,0.8846,0.8519,0.8846
Tuned stack,3,0.8958,0.8889,0.9231,0.9057,0.9441
Tuned stack,4,0.7292,0.6857,0.9231,0.7869,0.8881
