fit,model,params
outer fold 1,RF,"max_depth=None, min_samples_leaf=4"
outer fold 1,XGB,"learning_rate=0.1, max_depth=6"
outer fold 1,KNN,"n_neighbors=15, weights=distance"
outer fold 2,RF,"max_depth=None, min_samples_leaf=4"
outer fold 2,XGB,"learning_rate=0.1, max_depth=3"
outer fold 2,KNN,"n_neighbors=15, weights=uniform"
outer fold 3,RF,"max_depth=None, min_samples_leaf=4"
outer fold 3,XGB,"learning_rate=0.3, max_depth=6"
outer fold 3,KNN,"n_neighbors=15, weights=uniform"
outer fold 4,RF,"max_depth=None, min_samples_leaf=4"
outer fold 4,XGB,"learning_rate=0.1, max_depth=3"
outer fold 4,KNN,"n_neighbors=15, weights=distance"
outer fold 5,RF,"max_depth=4, min_samples_leaf=4"
outer fold 5,XGB,"learning_rate=0.1, max_depth=3"
outer fold 5,KNN,"n_neighbors=15, weights=uniform"
final fit (241 records),RF,"max_depth=4, min_samples_leaf=4"
final fit (241 records),XGB,"learning_rate=0.3, max_depth=6"
final fit (241 records),KNN,"n_neighbors=15, weights=uniform"
