setting,Accuracy,Precision,Recall,F1,AUC
Paper (Table 11),0.9853,1.0,0.9727,0.9861,0.988
"Reconstruction, row split (Part 1 baseline)",1.0,1.0,1.0,1.0,0.9999999999999999
Group-aware split of the same 1025 rows,0.7751196172248804,0.7622950819672131,0.8378378378378378,0.7982832618025751,0.8538334252619967
Paper protocol on development rows: own estimate,1.0,1.0,1.0,1.0,1.0
  same model on 61 unseen records,0.7213114754098361,0.75,0.7272727272727273,0.7384615384615385,0.8409090909090909
"Nested protocol, untuned stack: pooled estimate",0.8049792531120332,0.795774647887324,0.8625954198473282,0.8278388278388278,0.901734906315059
  same model on 61 unseen records,0.7540983606557377,0.7647058823529411,0.7878787878787878,0.7761194029850746,0.8755411255411256
"Nested protocol, tuned stack: pooled estimate",0.8132780082987552,0.8028169014084507,0.8702290076335878,0.8351648351648352,0.9047189451769604
  same model on 61 unseen records,0.7540983606557377,0.7647058823529411,0.7878787878787878,0.7761194029850746,0.8863636363636364
